{
  "best_global_step": 43,
  "best_metric": 0.64473027,
  "best_model_checkpoint": "C:\\Users\\12532\\Desktop\\llm\\output_dpo_fixed\\v2-20260319-224702\\checkpoint-43",
  "epoch": 1.0,
  "eval_steps": 50,
  "global_step": 43,
  "is_hyper_param_search": false,
  "is_local_process_zero": true,
  "is_world_process_zero": true,
  "log_history": [
    {
      "epoch": 0.02342606149341142,
      "grad_norm": 10.877302169799805,
      "learning_rate": 1.0000000000000002e-06,
      "logits/chosen": -3.2369308471679688,
      "logits/rejected": -3.413578748703003,
      "logps/chosen": -269.04296875,
      "logps/rejected": -284.0057067871094,
      "loss": 0.6931473016738892,
      "rewards/accuracies": 0.0,
      "rewards/chosen": 0.0,
      "rewards/margins": 0.0,
      "rewards/rejected": 0.0,
      "step": 1
    },
    {
      "epoch": 0.2342606149341142,
      "grad_norm": 10.702716827392578,
      "learning_rate": 4.789433316637644e-06,
      "logits/chosen": -3.2674622535705566,
      "logits/rejected": -3.2878313064575195,
      "logps/chosen": -280.65850830078125,
      "logps/rejected": -272.83355712890625,
      "loss": 0.6931357913547092,
      "rewards/accuracies": 0.4027777910232544,
      "rewards/chosen": -0.0009973462438210845,
      "rewards/margins": 0.0005696801235899329,
      "rewards/rejected": -0.0015670263674110174,
      "step": 10
    },
    {
      "epoch": 0.4685212298682284,
      "grad_norm": 13.48292350769043,
      "learning_rate": 3.3117486730117092e-06,
      "logits/chosen": -3.2532896995544434,
      "logits/rejected": -3.3238525390625,
      "logps/chosen": -306.9942932128906,
      "logps/rejected": -238.41357421875,
      "loss": 0.671743631362915,
      "rewards/accuracies": 0.78125,
      "rewards/chosen": 0.024388937279582024,
      "rewards/margins": 0.04424837976694107,
      "rewards/rejected": -0.019859444350004196,
      "step": 20
    },
    {
      "epoch": 0.7027818448023426,
      "grad_norm": 11.28885269165039,
      "learning_rate": 1.3101315174073162e-06,
      "logits/chosen": -3.260157346725464,
      "logits/rejected": -3.3015894889831543,
      "logps/chosen": -304.57794189453125,
      "logps/rejected": -240.2877960205078,
      "loss": 0.656389856338501,
      "rewards/accuracies": 0.90625,
      "rewards/chosen": 0.05265677720308304,
      "rewards/margins": 0.07642927765846252,
      "rewards/rejected": -0.023772502318024635,
      "step": 30
    },
    {
      "epoch": 0.9370424597364568,
      "grad_norm": 10.282327651977539,
      "learning_rate": 7.649933515167407e-08,
      "logits/chosen": -3.25624418258667,
      "logits/rejected": -3.25256609916687,
      "logps/chosen": -258.08154296875,
      "logps/rejected": -239.7928009033203,
      "loss": 0.6447432041168213,
      "rewards/accuracies": 0.893750011920929,
      "rewards/chosen": 0.06230100244283676,
      "rewards/margins": 0.10104435682296753,
      "rewards/rejected": -0.038743358105421066,
      "step": 40
    },
    {
      "epoch": 1.0,
      "eval_logits/chosen": -3.3069441318511963,
      "eval_logits/rejected": -2.773500680923462,
      "eval_logps/chosen": -233.1617431640625,
      "eval_logps/rejected": -224.1454620361328,
      "eval_loss": 0.644730269908905,
      "eval_rewards/accuracies": 1.0,
      "eval_rewards/chosen": 0.07138010859489441,
      "eval_rewards/margins": 0.10018513351678848,
      "eval_rewards/rejected": -0.02880503237247467,
      "eval_runtime": 0.3959,
      "eval_samples_per_second": 15.155,
      "eval_steps_per_second": 15.155,
      "step": 43
    }
  ],
  "logging_steps": 10,
  "max_steps": 43,
  "num_input_tokens_seen": 0,
  "num_train_epochs": 1,
  "save_steps": 50,
  "stateful_callbacks": {
    "TrainerControl": {
      "args": {
        "should_epoch_stop": false,
        "should_evaluate": false,
        "should_log": false,
        "should_save": true,
        "should_training_stop": true
      },
      "attributes": {}
    }
  },
  "total_flos": 180574041682944.0,
  "train_batch_size": 1,
  "trial_name": null,
  "trial_params": null
}
